{
    "name": "Cinematic Photo",
    "version": 1,
    "sd_version": "auto",
    "sd_checkpoint": "realisticVisionV51_v51VAE.safetensors",
    "loras": [],
    "style_prompt": "cinematic photo of {prompt}, photograph, film, best quality, highres",
    "negative_prompt": "drawing, painting, sketch, bad quality, low resolution, blurry",
    "vae": "Checkpoint Default",
    "clip_skip": 0,
    "v_prediction_zsnr": false,
    "preferred_resolution": 0,
    "sampler": "DPM++ 2M Karras",
    "sampler_steps": 20,
    "cfg_scale": 7.0,
    "live_sampler": "LCM",
    "live_sampler_steps": 6,
    "live_cfg_scale": 1.8
}