{
    "name": "Cinematic Photo (XL)",
    "version": 1,
    "sd_version": "auto",
    "sd_checkpoint": "juggernautXL_version6Rundiffusion.safetensors",
    "loras": [],
    "style_prompt": "cinematic film still {prompt}",
    "negative_prompt": "anime, cartoon, graphic, text, painting, crayon, graphite, abstract",
    "vae": "Checkpoint Default",
    "clip_skip": 0,
    "v_prediction_zsnr": false,
    "preferred_resolution": 0,
    "sampler": "DPM++ 2M Karras",
    "sampler_steps": 20,
    "cfg_scale": 6.0,
    "live_sampler": "LCM",
    "live_sampler_steps": 6,
    "live_cfg_scale": 1.8
}