{
    "name": "Digital Artwork",
    "version": 1,
    "sd_version": "auto",
    "sd_checkpoint": "dreamshaper_8.safetensors",
    "loras": [],
    "style_prompt": "digital artwork of {prompt}, best quality, highres, 4k",
    "negative_prompt": "photo, photorealistic, bad quality, low resolution, blurry",
    "vae": "Checkpoint Default",
    "clip_skip": 0,
    "v_prediction_zsnr": false,
    "preferred_resolution": 0,
    "sampler": "DPM++ 2M Karras",
    "sampler_steps": 20,
    "cfg_scale": 7.0,
    "live_sampler": "LCM",
    "live_sampler_steps": 6,
    "live_cfg_scale": 1.8
}