{
    "name": "Digital Artwork (XL)",
    "version": 1,
    "sd_version": "auto",
    "sd_checkpoint": "juggernautXL_version6Rundiffusion.safetensors",
    "loras": [],
    "style_prompt": "concept art {prompt} . digital artwork, illustrative, matte painting",
    "negative_prompt": "photo, photorealistic",
    "vae": "Checkpoint Default",
    "clip_skip": 0,
    "v_prediction_zsnr": false,
    "preferred_resolution": 0,
    "sampler": "DPM++ 2M Karras",
    "sampler_steps": 20,
    "cfg_scale": 7.0,
    "live_sampler": "LCM",
    "live_sampler_steps": 6,
    "live_cfg_scale": 1.8
}